"property","annual_emissions","normalised_cost","monthly_cost","Gas","Electrical"
"foo",9.48120598985868,3.32516229028219,23.4645618950913,0,9.48120598985868
"bar",13.9329659660887,4.7563711817271,32.8744521510371,1.06302263189102,12.8699433341977
"baz",14.8021361709446,5.19127050544977,30.8015383323353,0,14.8021361709446
